<?xml version="1.0" encoding="utf-8"?>
<manifest identifier="_5j6LtQLgu3l_course_id" version="1.0" xmlns="http://www.imsproject.org/xsd/imscp_rootv1p1p2" xmlns:adlcp="http://www.adlnet.org/xsd/adlcp_rootv1p2" xmlns:xsi="http://www.w3.org/2001/XMLSchema-instance" xsi:schemaLocation="http://www.imsproject.org/xsd/imscp_rootv1p1p2 imscp_rootv1p1p2.xsd http://www.imsglobal.org/xsd/imsmd_rootv1p2p1 imsmd_rootv1p2p1.xsd http://www.adlnet.org/xsd/adlcp_rootv1p2 adlcp_rootv1p2.xsd">
	<metadata>
		<schema>ADL SCORM</schema>
		<schemaversion>1.2</schemaversion>
		<lom xmlns="http://www.imsglobal.org/xsd/imsmd_rootv1p2p1" xmlns:xsi="http://www.w3.org/2001/XMLSchema-instance" xsi:schemaLocation="http://www.imsglobal.org/xsd/imsmd_rootv1p2p1 imsmd_rootv1p2p1.xsd">
			<general>
				<title>
					<langstring xml:lang="x-none">Select the Loan Type</langstring>
				</title>
				<description>
					<langstring xml:lang="x-none">Practice Activity for Module
Keywords: Banking, Finance</langstring>
				</description>
				<keyword>
				  	<langstring xml:lang="x-none">Banking, Finance</langstring>
        			</keyword>
			</general>
			<lifecycle>
				<version>
					<langstring xml:lang="x-none">1</langstring>
				</version>
				<status>
					<source>
						<langstring xml:lang="x-none">LOMv1.0</langstring>
					</source>
					<value>
						<langstring xml:lang="x-none">Final</langstring>
					</value>
				</status>
			</lifecycle>
			<metametadata>
				<metadatascheme>ADL SCORM 1.2</metadatascheme>
			</metametadata>
			<educational>
				<typicallearningtime>
					<datetime>PT0H0M0S</datetime>
				</typicallearningtime>
			</educational>
			<rights>
				<cost>
					<source>
						<langstring xml:lang="x-none">LOMv1.0</langstring>
					</source>
					<value>
						<langstring xml:lang="x-none">yes</langstring>
					</value>
				</cost>
				<copyrightandotherrestrictions>
					<source>
						<langstring xml:lang="x-none">LOMv1.0</langstring>
					</source>
					<value>
						<langstring xml:lang="x-none">yes</langstring>
					</value>
				</copyrightandotherrestrictions>
			</rights>
		</lom>
	</metadata>
	<organizations default="Select_the_Loan_Type_ORG">
		<organization identifier="Select_the_Loan_Type_ORG">
			<title>Select the Loan Type</title>
			<item identifier="game2_SCO" isvisible="true" identifierref="__5j6LtQLgu3l_course_id_RES">
				<title>Select the Loan Type</title>
				<adlcp:masteryscore>80</adlcp:masteryscore>
			</item>
		</organization>
	</organizations>
	<resources>
	    <resource identifier="__5j6LtQLgu3l_course_id_RES" type="webcontent" href="index_lms.html" adlcp:scormtype="sco">
		<file href="story_content/thumbnail.jpg"/>
<file href="story_content/6WsA7w5SL97_80_DX1440_DY1440.jpg"/>
<file href="mobile/6WsA7w5SL97_80_DX1440_DY1440_CX857_CY607.jpg"/>
<file href="story_content/6OxUil2lQuB_80_DX448_DY448.swf"/>
<file href="mobile/6OxUil2lQuB_80_DX448_DY448_CX224_CY129.png"/>
<file href="story_content/6g5ny69xVk5_80_DX284_DY284.swf"/>
<file href="mobile/6g5ny69xVk5_80_DX284_DY284_CX154_CY210.png"/>
<file href="story_content/5dgAJhffGjG_80_DX288_DY288.swf"/>
<file href="mobile/5dgAJhffGjG_80_DX288_DY288_CX157_CY215.png"/>
<file href="story_content/6lZQoLYJajP_80_DX288_DY288.swf"/>
<file href="mobile/6lZQoLYJajP_80_DX288_DY288_CX157_CY215.png"/>
<file href="story_content/5fRTwu86TCS_80_DX292_DY292.swf"/>
<file href="mobile/5fRTwu86TCS_80_DX292_DY292_CX160_CY219.png"/>
<file href="story_content/6mA0i497PyE_80_DX288_DY288.swf"/>
<file href="mobile/6mA0i497PyE_80_DX288_DY288_CX157_CY215.png"/>
<file href="story_content/5soNL3I3nB9_80_DX288_DY288.swf"/>
<file href="mobile/5soNL3I3nB9_80_DX288_DY288_CX157_CY215.png"/>
<file href="story_content/6Pt94QyBz9I_80_DX292_DY292.swf"/>
<file href="mobile/6Pt94QyBz9I_80_DX292_DY292_CX160_CY219.png"/>
<file href="story_content/report.html"/>
<file href="story_content/65tELQv8x1P_80_DX1022_DY1022.swf"/>
<file href="mobile/65tELQv8x1P_80_DX1022_DY1022_CX255_CY766.png"/>
<file href="story_content/5qM43QZlfVd_X_80_DX1072_DY1072.swf"/>
<file href="mobile/5qM43QZlfVd_X_80_DX1072_DY1072_CX300_CY789.png"/>
<file href="meta.xml"/>
<file href="story_content/FontFactory.swf"/>
<file href="story_content/fonts.swf"/>
<file href="story_content/frame.xml"/>
<file href="story_content/frame.json"/>
<file href="story_content/user.js"/>
<file href="story.swf"/>
<file href="story_content/frame.swf"/>
<file href="story_content/slides/6Sq0X7AoaDT.swf"/>
<file href="story_content/slides/5zn3xlDTxyZ.swf"/>
<file href="story_content/slides/6imVZvuAc8L.swf"/>
<file href="story_content/slides/5sksxeQ72Kb.swf"/>
<file href="story_content/slides/6nJLA1hHM6x.swf"/>
<file href="story_content/slides/5WGYqbnppQR.swf"/>
<file href="story_content/slides/6cgBKd9FKHs.swf"/>
<file href="story_content/slides/6N8i7sbRHCJ.swf"/>
<file href="story_content/data.swf"/>
<file href="html5/data/css/output.min.css"/>
<file href="html5/data/js/5sksxeQ72Kb.js"/>
<file href="html5/data/js/5WGYqbnppQR.js"/>
<file href="html5/data/js/5zn3xlDTxyZ.js"/>
<file href="html5/data/js/6cgBKd9FKHs.js"/>
<file href="html5/data/js/6imVZvuAc8L.js"/>
<file href="html5/data/js/6N8i7sbRHCJ.js"/>
<file href="html5/data/js/6nJLA1hHM6x.js"/>
<file href="html5/data/js/6Sq0X7AoaDT.js"/>
<file href="html5/data/js/data.js"/>
<file href="html5/data/js/frame.js"/>
<file href="html5/data/js/paths.js"/>
<file href="html5/lib/scripts/app.min.js"/>
<file href="html5/lib/stylesheets/main.min.css"/>
<file href="html5/lib/stylesheets/mobile-fonts/open-sans-bold.woff"/>
<file href="html5/lib/stylesheets/mobile-fonts/open-sans-light.woff"/>
<file href="html5/lib/stylesheets/mobile-fonts/open-sans-regular.woff"/>
<file href="story.html"/>
<file href="story_flash.html"/>
<file href="story_html5.html"/>
<file href="story_content/blank.html"/>
<file href="story_content/story.js"/>
<file href="index_lms.html"/>
<file href="index_lms_html5.html"/>
<file href="index_lms_flash.html"/>
<file href="lms/AICCComm.html"/>
<file href="lms/AICCFunctions.js"/>
<file href="lms/API.js"/>
<file href="lms/APIConstants.js"/>
<file href="lms/blank.html"/>
<file href="lms/browsersniff.js"/>
<file href="lms/Configuration.js"/>
<file href="lms/goodbye.html"/>
<file href="lms/lms.js"/>
<file href="lms/LMSAPI.js"/>
<file href="lms/NONEFunctions.js"/>
<file href="lms/SCORM2004Functions.js"/>
<file href="lms/SCORMFunctions.js"/>
<file href="lms/UtilityFunctions.js"/>
	    </resource>
	</resources>
</manifest>
