﻿<?xml version="1.0" encoding="utf-8"?><meta xmlns:xsi="http://www.w3.org/2001/XMLSchema-instance" xmlns:xsd="http://www.w3.org/2001/XMLSchema"><project id="62WXcjSXTa7" courseid="5j6LtQLgu3l_course_id" thumburl="story_content/thumbnail.jpg" title="Select the Loan Type" datepublished="2017-09-05T19:26:32" version="1.0.0.0" flashdata="story_content/data.swf" html5data="mobile/data.json" mobiledata="mobile/data.gz" enabledownload="false" duration="About 40 seconds" totalaudio="0" totalvideo="0"><description>Practice Activity for Module
Keywords: Banking, Finance</description><keywords>Banking, Finance</keywords><slidemeta moniker="slide" monikerplural="slides" viewslides="8" slidecountdescription="8 slides" /><author name="Miami Dade College" email="mdcinfo@mdc.edu" website="http://www.mdc.edu/" /><application name="Articulate Storyline" version="3.8.13087.0" xmlversion="4.0" /></project></meta>